sensor_id,mean,std_dev
MXK6435,9.97645,4.7628411261032015
IAJ9206,2.6482500000000004,1.5723724709813511
NAH4736,8.7285,3.40624995412844
MYS2071,7.98325,3.350609524773068
NAI1549,4.969250000000001,3.970538148349667
MUR8453,11.321750000000002,4.378044048145244
LZY4270,6.138000000000001,3.784583530588274
MZU6388,9.713275000000005,3.914863094269711
NEW4797,11.497750000000002,2.392890341720657
MYD8706,7.152750000000001,4.892010393233032
